Name, Time
DOWNN FALLS, 07/11/2025 18:35:50
DOWNN FALLS, 07/11/2025 18:36:01
DOWNN FALLS, 07/11/2025 18:36:16
DOWNN FALLS, 07/11/2025 20:02:22
DOWNN FALLS, 08/11/2025 00:32:30
1064, 08/11/2025 00:33:39
1064, 08/11/2025 00:35:36
1064, 08/11/2025 00:35:55
1064, 08/11/2025 00:39:43
1064, 08/11/2025 00:39:52
TTFUNFACE, 08/11/2025 00:39:54
1064, 08/11/2025 00:40:01
1064, 08/11/2025 00:40:55
1064, 08/11/2025 00:47:07
1064, 08/11/2025 00:49:30
1064, 08/11/2025 00:53:35
1064, 08/11/2025 00:53:59
1064, 08/11/2025 00:58:02
1064, 08/11/2025 00:59:26
1064, 08/11/2025 01:04:53
อรอืนทุ์, 08/11/2025 01:06:02
1064, 08/11/2025 01:06:49
อรอืนทุ์, 08/11/2025 01:07:03
1064, 08/11/2025 01:07:15
อรอืนทุ์, 08/11/2025 01:07:37
อรอืนทุ์, 08/11/2025 01:07:49
1064, 08/11/2025 01:09:23
อรอืนทุ์, 08/11/2025 01:10:16
อรอืนทุ์, 08/11/2025 01:11:04
1064, 08/11/2025 01:11:33
อรอืนทุ์, 08/11/2025 01:12:56
อรอืนทุ์, 08/11/2025 01:13:22
อรอืนทุ์, 08/11/2025 01:15:38
อรอืนทุ์, 08/11/2025 01:18:39
1064, 08/11/2025 01:19:14
1064, 08/11/2025 01:22:18
PHIMPHAT, 08/11/2025 01:23:47
1064, 08/11/2025 01:23:58
PHIMPHAT, 08/11/2025 01:24:12
1064, 08/11/2025 01:26:26
PHIMPHAT, 08/11/2025 01:27:56
1064, 08/11/2025 01:28:23
1064, 08/11/2025 01:29:14
PHIMPHAT, 08/11/2025 01:29:33
